{"cameraMode":{"drawMode":0,"name":"Shaded","section":"Shading Mode"},"sceneLighting":true,"audioPlay":false,"sceneViewState":{"m_AlwaysRefresh":false,"showFog":true,"showSkybox":true,"showFlares":true,"showImageEffects":true,"showParticleSystems":true,"showVisualEffectGraphs":true,"m_FxEnabled":true},"in2DMode":false,"pivot":{"x":14.709757804870606,"y":-2.327725410461426,"z":16.06484603881836},"rotation":{"x":-0.15597404539585114,"y":0.1699993908405304,"z":-0.027324339374899865,"w":-0.9727353453636169},"size":39.138572692871097,"orthographic":false}