{"cameraMode":{"drawMode":0,"name":"Shaded","section":"Shading Mode"},"sceneLighting":true,"audioPlay":false,"sceneViewState":{"m_AlwaysRefresh":false,"showFog":true,"showSkybox":true,"showFlares":true,"showImageEffects":true,"showParticleSystems":true,"showVisualEffectGraphs":true,"m_FxEnabled":true},"in2DMode":false,"pivot":{"x":-1.0399999618530274,"y":1.0700000524520875,"z":8.800000190734864},"rotation":{"x":-0.32572290301322939,"y":-0.013614959083497525,"z":0.004694505129009485,"w":-0.9453633427619934},"size":1.7474286556243897,"orthographic":false}