{"cameraMode":{"drawMode":0,"name":"Shaded","section":"Shading Mode"},"sceneLighting":true,"audioPlay":false,"sceneViewState":{"m_AlwaysRefresh":false,"showFog":true,"showSkybox":true,"showFlares":true,"showImageEffects":true,"showParticleSystems":true,"showVisualEffectGraphs":true,"m_FxEnabled":true},"in2DMode":false,"pivot":{"x":9.862776756286621,"y":53.86748504638672,"z":45.657684326171878},"rotation":{"x":-0.03459341078996658,"y":-0.4028158485889435,"z":0.015237446874380112,"w":-0.9145105481147766},"size":10.879843711853028,"orthographic":false}