{"cameraMode":{"drawMode":0,"name":"Shaded","section":"Shading Mode"},"sceneLighting":false,"audioPlay":false,"sceneViewState":{"m_AlwaysRefresh":false,"showFog":true,"showSkybox":false,"showFlares":true,"showImageEffects":true,"showParticleSystems":true,"showVisualEffectGraphs":true,"m_FxEnabled":true},"in2DMode":false,"pivot":{"x":0.17345106601715089,"y":-0.10000000894069672,"z":1.190000057220459},"rotation":{"x":0.07761336117982865,"y":0.0035869982093572618,"z":0.0002752117288764566,"w":-0.9969918131828308},"size":0.22827565670013429,"orthographic":false}